seq_name,PseEIIP_LightGBM_label,PseEIIP_LightGBM_score,TNC_LightGBM_label,TNC_LightGBM_score,DNC_LightGBM_label,DNC_LightGBM_score,CKSNAP_LightGBM_label,CKSNAP_LightGBM_score,PCPseDNC_LightGBM_label,PCPseDNC_LightGBM_score,PCPseTNC_LightGBM_label,PCPseTNC_LightGBM_score,SCPseDNC_LightGBM_label,SCPseDNC_LightGBM_score,SCPseTNC_LightGBM_label,SCPseTNC_LightGBM_score,DACC_LightGBM_label,DACC_LightGBM_score,Sequence-based_single-layer_label,Sequence-based_single-layer_LightGBM_score,Physicochemical property_single-layer_label,Physicochemical property_single-layer_LightGBM_score,two-layer_model_label,two-layer_model_score
">@4@Dendrite,NM_001039538",Cytoplasm,0.7723767219474004,Cytoplasm,0.7723767219474004,Cytoplasm,0.7214635301175988,Cytoplasm,0.7259495735799435,Cytoplasm,0.7067595416540611,Cytoplasm,0.7114330003697021,Cytoplasm,0.7090708743564393,Cytoplasm,0.6437060230115785,Cytoplasm,0.5320190755671989,Cytoplasm,0.6605977029917959,Cytoplasm,0.5984333095184686,Cytoplasm,0.6191547740095777
">@4@Dendrite,NM_001123366",Cytoplasm,0.4653198529959504,Cytoplasm,0.4653198529959504,Cytoplasm,0.6313333177908347,Nucleus,0.4247838622902408,Cytoplasm,0.4628007968271581,Cytoplasm,0.666875495763341,Cytoplasm,0.6005497048716677,Cytoplasm,0.5397372907918847,Cytoplasm,0.5887931184493844,Cytoplasm,0.5717512813406872,Cytoplasm,0.3814755533035866,Cytoplasm,0.44490079598262017
">@4@Dendrite,NM_015193",Cytoplasm,0.7731614325078607,Cytoplasm,0.7731614325078607,Cytoplasm,0.6391942357673989,Cytoplasm,0.7440341916805461,Cytoplasm,0.7352902489320887,Cytoplasm,0.6940363347302211,Cytoplasm,0.6662869573981389,Cytoplasm,0.8153447956610235,Cytoplasm,0.6795205707131341,Cytoplasm,0.7180957814869212,Cytoplasm,0.5859102584927334,Cytoplasm,0.629972099490796
">@4@Dendrite,NM_002995",Cytoplasm,0.6936602864248661,Cytoplasm,0.6936602864248661,Cytoplasm,0.46448292883640147,Cytoplasm,0.6100595805539971,Cytoplasm,0.3924899752188683,Cytoplasm,0.4218374050004031,Nucleus,0.3637305840680433,Cytoplasm,0.5158703859164496,Cytoplasm,0.4658933804746968,Cytoplasm,0.42314894184102647,Cytoplasm,0.49237261644802616,Cytoplasm,0.46929805824569293
